INDICATIVO;AÑO;MES;NOMBRE;ALTITUD;LONGITUD;LATITUD;R_MAX_DIR;R_MAX_VEL;R_MAX_DIA;R_MAX_HOR;VEL36;VEL55;VEL91;REC24_MES;REC24_DIA;REC24_MAX;DIA_REC24_MAX;REC77_MES;REC77_DIA;REC77_MAX;DIA_REC77_MAX;DTV01;DTV02;DTV03;DTV04;DTV05;DTV06;DTV07;DTV08;DTCALMAS;NDIAS
0149X;2021;1;MANRESA;291;150251;414312;23;75;22;840;11;3;0;5094;164;331;24;5123;165;333;22;2088;1572;103;174;234;1074;1575;520;100;0
0149X;2021;2;MANRESA;291;150251;414312;30;56;1;1620;4;1;0;3807;136;402;1;3778;135;392;1;1466;1039;207;716;953;942;895;341;161;1
0149X;2021;3;MANRESA;291;150251;414312;26;43;13;1600;5;0;0;4469;144;207;22;4453;144;208;13;1620;779;115;1086;1514;955;775;369;227;0
0149X;2021;4;MANRESA;291;150251;414312;20;39;6;1550;5;0;0;4238;151;218;6;4210;150;247;6;1445;788;115;1241;1623;770;572;239;167;6
0149X;2021;5;MANRESA;291;150251;414312;22;52;12;1430;19;0;0;5946;192;281;16;5950;192;302;16;1045;597;126;1435;1502;1445;925;230;135;0
0149X;2021;6;MANRESA;291;150251;414312;2;49;11;1540;13;0;0;5095;170;222;27;5087;170;222;29;1514;789;111;1401;1560;803;630;303;89;0
0149X;2021;7;MANRESA;291;150251;414312;30;45;31;2030;19;0;0;5813;188;252;13;5845;189;243;12;1074;550;113;1918;1830;849;753;235;118;0
0149X;2021;8;MANRESA;291;150251;414312;26;52;19;1400;15;0;0;5352;173;214;7;5327;172;222;15;1017;625;146;1619;1876;908;810;286;153;0
0149X;2021;9;MANRESA;291;150251;414312;20;40;6;1500;5;0;0;3714;124;172;6;3700;123;181;6;1779;1147;148;963;1056;784;637;434;252;0
0149X;2021;10;MANRESA;291;150251;414312;20;34;3;1440;0;0;0;3448;111;213;3;3475;112;219;3;1812;710;86;955;1083;936;962;602;294;0
0149X;2021;11;MANRESA;291;150251;414312;26;51;1;1510;3;0;0;3752;125;286;1;3737;125;278;1;2482;1525;107;188;266;817;1030;583;202;0
0149X;2021;12;MANRESA;291;150251;414312;26;62;8;1050;7;1;0;4217;136;345;8;4216;136;376;8;2465;1386;113;185;270;878;1389;539;215;0
0149X;2022;1;MANRESA;291;150251;414312;30;51;9;1310;2;0;0;3523;121;312;9;3499;121;254;8;3430;1234;68;123;213;532;975;467;158;1
0149X;2022;2;MANRESA;291;150251;414312;29;46;21;1650;4;0;0;3912;140;240;1;3902;139;268;1;1789;1185;93;611;708;685;1049;417;183;0
0149X;2022;3;MANRESA;291;150251;414312;16;37;22;1350;2;0;0;3799;127;253;19;3801;127;223;18;1815;1442;282;756;739;802;644;425;295;1
0149X;2022;4;MANRESA;291;150251;414312;27;57;1;1410;13;1;0;5320;177;334;2;5306;177;394;1;1593;918;130;798;1130;1038;1068;358;167;0
0149X;2022;5;MANRESA;291;150251;414312;20;39;30;1410;6;0;0;4905;158;228;23;4890;158;229;23;1798;823;127;1369;1471;690;652;368;142;0
0149X;2022;6;MANRESA;291;150251;414312;17;42;7;1500;15;0;0;5499;183;220;7;5529;184;226;30;1175;536;127;1526;2096;731;648;266;95;0
0149X;2022;7;MANRESA;291;150251;414312;3;65;29;1510;25;2;0;5687;183;237;26;5668;183;244;25;1333;483;76;1737;1870;779;760;262;140;0
0149X;2022;8;MANRESA;291;150251;414312;5;56;5;1450;12;1;0;4461;165;198;14;4457;165;184;14;1762;970;135;1354;1116;632;541;363;87;2
0149X;2022;9;MANRESA;291;150251;414312;29;62;23;2320;6;1;0;4517;151;202;28;4512;150;204;28;1350;625;76;1082;1377;1174;966;361;189;0
0149X;2022;10;MANRESA;291;150251;414312;21;35;3;1440;0;0;0;3535;114;151;3;3531;114;154;3;1886;993;144;866;1389;736;653;450;323;0
0149X;2022;11;MANRESA;291;150251;414312;29;53;22;1420;7;0;0;4141;138;326;22;4137;138;281;4;1550;1228;124;436;551;1133;1501;454;223;0
0149X;2022;12;MANRESA;291;150251;414312;29;36;10;1450;1;0;0;3143;108;223;23;3075;110;211;23;2357;1665;171;199;250;878;956;432;292;2
0149X;2023;1;MANRESA;291;150251;414312;29;73;17;1230;7;2;0;4540;146;501;17;4555;147;455;17;2340;1681;134;154;143;881;1370;556;181;0
0149X;2023;2;MANRESA;291;150251;414312;29;51;24;10;4;0;0;3474;134;230;28;3470;133;205;7;2406;1015;85;403;709;543;790;408;121;1
0149X;2023;3;MANRESA;291;150251;414312;26;66;26;1520;13;1;0;6106;197;404;10;6126;198;432;26;1393;804;102;957;1136;1497;1153;282;116;0
0149X;2023;4;MANRESA;291;150251;414312;30;63;14;1620;21;2;0;5630;188;319;13;5609;187;302;1;1344;693;131;1443;1290;937;967;258;137;0
0149X;2023;5;MANRESA;291;150251;414312;21;46;10;1710;13;0;0;4257;158;211;10;4232;157;208;10;1645;888;174;1351;1141;614;542;397;208;2
0149X;2023;6;MANRESA;291;150251;414312;6;56;10;1650;14;1;0;4322;144;219;22;4326;144;198;22;1382;801;162;1390;1354;950;652;334;175;1
0149X;2023;7;MANRESA;291;150251;414312;30;55;27;2020;21;1;0;5453;176;280;25;5445;176;282;25;930;571;134;1761;2147;884;648;259;106;0
0149X;2023;8;MANRESA;291;150251;414312;21;51;10;1440;24;0;0;5461;176;238;3;5470;176;252;3;1266;611;87;1580;1758;858;882;300;98;0
0149X;2023;9;MANRESA;291;150251;414312;21;45;13;1530;8;0;0;4323;144;191;22;4307;144;194;21;1444;894;206;1229;1473;818;612;335;189;0
0149X;2023;10;MANRESA;291;150251;414312;29;63;26;1750;12;1;0;4849;156;270;27;4863;157;280;26;1203;805;142;977;1369;1351;1073;314;206;0
0149X;2023;11;MANRESA;291;150251;414312;28;80;2;2320;12;4;0;4723;157;374;2;4726;158;422;2;1690;1488;175;320;384;1324;1219;439;161;0
0149X;2023;12;MANRESA;291;150251;414312;30;60;13;1400;10;1;0;4092;132;279;13;4084;132;282;13;2642;1851;143;130;133;613;1181;588;159;0
0149X;2024;1;MANRESA;291;150251;414312;32;58;18;1210;7;1;0;3887;125;279;18;3901;126;242;18;2483;1417;137;240;329;840;1208;603;183;0
0149X;2024;2;MANRESA;291;150251;414312;30;66;12;1610;9;3;0;4348;150;309;23;4386;151;292;10;2020;1163;137;334;326;917;1413;522;128;0
0149X;2024;3;MANRESA;291;150251;414312;22;65;8;1510;19;2;0;5325;172;376;3;5302;171;352;3;1258;773;119;1085;1277;1279;1156;357;136;0
0149X;2024;4;MANRESA;291;150251;414312;29;49;8;1950;16;0;0;4877;163;249;1;4848;162;248;8;1404;716;167;1424;1467;753;761;340;168;0
0149X;2024;5;MANRESA;291;150251;414312;26;55;2;1700;15;1;0;5336;172;315;2;5359;173;293;1;1314;741;112;1402;1576;1080;812;279;124;0
0149X;2024;6;MANRESA;291;150251;414312;27;68;29;900;23;1;0;5274;176;229;15;5271;176;232;15;1059;757;174;1816;1808;693;554;230;109;0
0149X;2024;7;MANRESA;291;150251;414312;21;48;19;1500;25;0;0;5346;172;216;21;5334;172;233;21;1023;460;116;1930;1952;813;691;311;144;0
0149X;2024;8;MANRESA;291;150251;414312;4;50;2;1700;23;0;0;4798;155;188;11;4815;155;187;2;1058;879;181;1493;1871;840;652;316;150;0
0149X;2024;9;MANRESA;291;150251;414312;26;50;27;1650;9;0;0;4050;135;271;27;4036;135;284;27;1373;1063;131;830;843;1309;1038;402;211;0
0149X;2024;10;MANRESA;291;150251;414312;31;74;7;2110;6;1;0;3597;116;222;8;3586;116;204;8;1460;1175;169;746;997;1094;956;506;337;0
0149X;2024;11;MANRESA;291;150251;414312;26;55;22;150;3;1;0;3130;104;281;20;3134;104;302;21;1869;1343;179;469;633;1056;805;496;350;0
0149X;2024;12;MANRESA;291;150251;414312;31;70;7;1800;4;2;0;4148;134;370;8;4159;134;432;7;2412;1679;125;203;271;758;1148;581;263;0
0149X;2025;1;MANRESA;291;150251;414312;29;69;27;2359;10;2;0;4348;140;402;28;4358;141;302;28;2260;1761;169;242;322;1087;987;487;125;0
0149X;2025;2;MANRESA;291;150251;414312;21;32;17;1600;0;0;0;2785;99;137;3;2769;99;133;2;1937;1127;127;642;799;714;659;420;295;0
0149X;2025;3;MANRESA;291;150251;414312;26;68;21;1200;5;2;0;4156;134;234;30;4161;134;230;29;1755;1618;274;625;590;1026;851;528;173;0
0149X;2025;4;MANRESA;291;150251;414312;28;72;19;1310;8;1;0;4377;146;202;4;4380;146;192;16;1485;951;253;1054;1237;975;709;402;134;0
0149X;2025;5;MANRESA;291;150251;414312;13;42;26;1250;17;0;0;4616;149;198;21;4623;149;196;21;1397;1012;199;1108;1450;959;768;376;171;0
0149X;2025;6;MANRESA;291;150251;414312;20;45;3;1530;19;0;0;5021;167;196;17;5023;167;194;7;1045;534;108;1563;2091;825;599;270;165;0
0149X;2025;7;MANRESA;291;150251;414312;8;70;4;1730;17;3;0;5004;161;222;7;5000;161;260;7;1287;948;149;1490;1631;864;688;294;89;0
0149X;2025;8;MANRESA;291;150251;414312;27;49;28;1630;8;0;0;4583;148;220;29;4607;149;228;29;1625;917;153;1274;1495;902;611;346;117;0
0149X;2025;9;MANRESA;291;150251;414312;24;44;10;1520;7;0;0;4303;143;211;1;4272;142;191;8;1260;893;142;1111;1573;967;762;307;185;0
0149X;2025;10;MANRESA;291;150251;414312;26;82;23;1100;4;1;0;3772;122;307;23;3778;122;311;23;1434;1133;188;680;1125;1206;901;485;288;0
0149X;2025;11;MANRESA;291;150251;414312;25;50;6;620;6;0;0;3791;126;249;25;3803;127;257;21;2016;1464;175;280;316;1003;1258;526;162;0
0149X;2025;12;MANRESA;291;150251;414312;10;35;27;1640;0;0;0;2914;94;154;5;2895;93;166;4;2588;1595;182;216;305;686;852;676;340;0
