INDICATIVO;AÑO;MES;REC24_DIA;REC77_DIA;DTV01;DTV02;DTV03;DTV04;DTV05;DTV06;DTV07;DTV08
0149X;2021;1;164;165;2088;1572;103;174;234;1074;1575;520
0149X;2021;2;136;135;1466;1039;207;716;953;942;895;341
0149X;2021;3;144;144;1620;779;115;1086;1514;955;775;369
0149X;2021;4;151;150;1445;788;115;1241;1623;770;572;239
0149X;2021;5;192;192;1045;597;126;1435;1502;1445;925;230
0149X;2021;6;170;170;1514;789;111;1401;1560;803;630;303
0149X;2021;7;188;189;1074;550;113;1918;1830;849;753;235
0149X;2021;8;173;172;1017;625;146;1619;1876;908;810;286
0149X;2021;9;124;123;1779;1147;148;963;1056;784;637;434
0149X;2021;10;111;112;1812;710;86;955;1083;936;962;602
0149X;2021;11;125;125;2482;1525;107;188;266;817;1030;583
0149X;2021;12;136;136;2465;1386;113;185;270;878;1389;539
0149X;2022;1;121;121;3430;1234;68;123;213;532;975;467
0149X;2022;2;140;139;1789;1185;93;611;708;685;1049;417
0149X;2022;3;127;127;1815;1442;282;756;739;802;644;425
0149X;2022;4;177;177;1593;918;130;798;1130;1038;1068;358
0149X;2022;5;158;158;1798;823;127;1369;1471;690;652;368
0149X;2022;6;183;184;1175;536;127;1526;2096;731;648;266
0149X;2022;7;183;183;1333;483;76;1737;1870;779;760;262
0149X;2022;8;165;165;1762;970;135;1354;1116;632;541;363
0149X;2022;9;151;150;1350;625;76;1082;1377;1174;966;361
0149X;2022;10;114;114;1886;993;144;866;1389;736;653;450
0149X;2022;11;138;138;1550;1228;124;436;551;1133;1501;454
0149X;2022;12;108;110;2357;1665;171;199;250;878;956;432
0149X;2023;1;146;147;2340;1681;134;154;143;881;1370;556
0149X;2023;2;134;133;2406;1015;85;403;709;543;790;408
0149X;2023;3;197;198;1393;804;102;957;1136;1497;1153;282
0149X;2023;4;188;187;1344;693;131;1443;1290;937;967;258
0149X;2023;5;158;157;1645;888;174;1351;1141;614;542;397
0149X;2023;6;144;144;1382;801;162;1390;1354;950;652;334
0149X;2023;7;176;176;930;571;134;1761;2147;884;648;259
0149X;2023;8;176;176;1266;611;87;1580;1758;858;882;300
0149X;2023;9;144;144;1444;894;206;1229;1473;818;612;335
0149X;2023;10;156;157;1203;805;142;977;1369;1351;1073;314
0149X;2023;11;157;158;1690;1488;175;320;384;1324;1219;439
0149X;2023;12;132;132;2642;1851;143;130;133;613;1181;588
0149X;2024;1;125;126;2483;1417;137;240;329;840;1208;603
0149X;2024;2;150;151;2020;1163;137;334;326;917;1413;522
0149X;2024;3;172;171;1258;773;119;1085;1277;1279;1156;357
0149X;2024;4;163;162;1404;716;167;1424;1467;753;761;340
0149X;2024;5;172;173;1314;741;112;1402;1576;1080;812;279
0149X;2024;6;176;176;1059;757;174;1816;1808;693;554;230
0149X;2024;7;172;172;1023;460;116;1930;1952;813;691;311
0149X;2024;8;155;155;1058;879;181;1493;1871;840;652;316
0149X;2024;9;135;135;1373;1063;131;830;843;1309;1038;402
0149X;2024;10;116;116;1460;1175;169;746;997;1094;956;506
0149X;2024;11;104;104;1869;1343;179;469;633;1056;805;496
0149X;2024;12;134;134;2412;1679;125;203;271;758;1148;581
0149X;2025;1;140;141;2260;1761;169;242;322;1087;987;487
0149X;2025;2;99;99;1937;1127;127;642;799;714;659;420
0149X;2025;3;134;134;1755;1618;274;625;590;1026;851;528
0149X;2025;4;146;146;1485;951;253;1054;1237;975;709;402
0149X;2025;5;149;149;1397;1012;199;1108;1450;959;768;376
0149X;2025;6;167;167;1045;534;108;1563;2091;825;599;270
0149X;2025;7;161;161;1287;948;149;1490;1631;864;688;294
0149X;2025;8;148;149;1625;917;153;1274;1495;902;611;346
0149X;2025;9;143;142;1260;893;142;1111;1573;967;762;307
0149X;2025;10;122;122;1434;1133;188;680;1125;1206;901;485
0149X;2025;11;126;127;2016;1464;175;280;316;1003;1258;526
0149X;2025;12;94;93;2588;1595;182;216;305;686;852;676
